subject_id,story_id,frame_idx,timestamp_s,speech,landmarks,transcript,raw_face,target
1,1,0,0.0,-1.9528665825728353,-0.20767528730905438,-0.07555645656555829,-0.2789953969417651,0.0
1,1,1,0.04,-1.35403713087128,-0.20767528730905438,0.06766264272778466,-0.2712763771567305,0.2
1,1,2,0.08,-0.9000958478258381,-0.20767528730905438,0.11225844050854493,-0.3461918422681183,0.2
1,1,3,0.12,-0.6093067698521141,-0.20767528730905438,0.2016339018030446,-0.38088834204515115,0.2
1,1,4,0.16,-0.47092937734899276,0.46043805562144513,0.25657301955362377,-0.40329761789545326,0.5999999999999999
1,1,5,0.2,-0.08925381849018317,0.20884093365158413,0.42407650238172545,-0.5549480925201861,1.0
1,1,6,0.24,0.020042247416478073,0.022026068171617244,0.5337016240167047,-0.7867772796313646,1.0
1,1,7,0.28,-0.050568176872753404,-0.08364820569166605,0.6141289407274158,-0.8879620745112944,1.0
1,1,8,0.32,-0.16752868093205636,-0.17137142160519683,0.501626623446697,-1.041727156970637,1.0
1,1,9,0.36,-0.30112126817902146,-0.9213037865026736,0.2397659649480509,-0.9837510610817616,0.0
1,1,10,0.4,-0.36546721316149755,-0.7649744522226827,0.012537895896537508,-0.85056381202672,0.0
1,1,11,0.44,-0.4052869560555186,-0.6405066120611793,-0.1838023464165276,-0.687568466772288,0.0
1,1,12,0.48,-0.442419518328292,-0.5928379320720238,-0.31638816525445673,-0.5827455502452841,0.0
1,1,13,0.52,-0.5434075351946309,-0.4672828740966384,-0.2075524356015462,-0.4288438568822687,0.0
1,1,14,0.56,-0.7779351360583627,-0.35133100376193893,0.033353333690286036,-0.4355088973516366,0.0
1,1,15,0.6,-1.2825252306785815,-0.25951729922480893,0.33522611459800916,-0.5444093068185597,0.0
1,1,16,0.64,-1.8507200661086696,-0.32250555583760754,0.6707682562777966,-0.7683225972804283,0.0
1,1,17,0.68,-2.404421457405325,-0.5157630967336261,0.9249637893183876,-1.1363563209987422,0.0
1,1,18,0.72,-2.8387553240548966,-0.7507201761313028,1.195565215365324,-1.2665951924265517,0.0
1,1,19,0.76,-3.0312050753284803,-0.9793869957043693,1.1447542047637156,-1.593535913039866,0.0
1,1,20,0.8,-2.7985342708426733,-1.1407034163945506,0.7147580502361346,-1.6935525839478889,0.0
1,1,21,0.84,-2.2946592994309882,-1.1014525811548594,0.5148712748837475,-1.6283896261761772,0.0
1,1,22,0.88,-1.7002093463906365,-0.9857470288933994,0.31051558870509693,-1.4454689559989398,0.0
1,1,23,0.92,-1.4357862301244977,-0.8890264672613625,-0.008776128456250648,-1.4736912776642805,0.0
1,1,24,0.96,-1.33934303157875,-0.8211804160923267,0.13423739388569322,-1.3997055525128004,0.0
1,1,25,1.0,-1.340763182138755,-0.7647317535170501,0.5827708879385909,-1.302105403566324,0.0
1,1,26,1.04,-1.3638843774527958,-0.8204179359831641,0.7054547747750813,-1.2575848369179938,0.0
1,1,27,1.08,-1.4526976320241929,-0.8677055769937169,0.7871603716146123,-1.2298163133016973,0.0
1,1,28,1.12,-1.3994335728097311,-1.0540875258927171,0.7661728604755541,-1.2685396209554944,0.0
1,1,29,1.16,-1.255788035893625,-1.239396533372284,0.6025950304398903,-1.2207108540371903,0.0
1,1,30,1.2,-1.2468717114653394,-1.4457980088083129,0.3111878650114942,-1.3179331670447767,0.0
1,1,31,1.24,-1.3083142562211625,-1.6362746689264531,-0.0794784357169776,-1.377840755739858,0.0
1,1,32,1.28,-1.4080411322762207,-1.827941497759291,-0.5487317059515006,-1.4431771569715721,0.0
1,1,33,1.32,-1.3133083401810004,-1.948991247368144,-1.0288986289239745,-1.3951711585623083,0.0
1,1,34,1.36,-1.0749703945979194,-2.050997694313909,-1.5050577564908358,-1.3419982456290867,0.0
1,1,35,1.4,-0.7365825055338118,-2.149840612895368,-1.9445777518862244,-1.300767543568969,0.0
1,1,36,1.44,-0.5409247956788881,-2.204325869081954,-2.218226977467803,-1.2617430471558648,0.0
1,1,37,1.48,-0.2435647870705101,-2.1501740974051375,-2.165470259637122,-1.0133193829811955,0.0
1,1,38,1.52,0.025479707765600913,-2.0140927119733587,-1.912856449473484,-0.7808523156357288,0.0
1,1,39,1.56,0.20342087112016075,-1.8379871530899057,-1.4256843339155303,-0.6175360355031697,0.0
1,1,40,1.6,0.3337853080716593,-1.6603178263243445,-0.6818318345320281,-0.43081343148905593,0.0
1,1,41,1.64,0.5703245084549154,-1.4859530827217655,0.12443905856097835,-0.253672812974237,0.0
1,1,42,1.68,0.6928040810412579,-1.3347612396836244,0.858237243313592,-0.2200689082646245,0.0
1,1,43,1.72,0.7886087166278605,-1.2333403259862457,1.1664047346338047,-0.25562409219746446,0.0
1,1,44,1.76,0.7722517455451301,-1.1990908535511937,0.8555891359217699,-0.24217327784651527,0.0
1,1,45,1.8,0.8121539379384864,-1.15095889450837,0.23338323409675665,-0.19236498266561042,0.0
1,1,46,1.84,0.7787955435639262,-1.0823698676000528,-0.7076994104001473,-0.05031563518596742,0.0
1,1,47,1.88,0.7138531016933952,-1.0088422135922805,-1.851189976607659,0.0649504797082936,0.0
1,1,48,1.92,0.6579514998215755,-0.9059055891715724,-2.550459315535505,0.3374511910331698,0.0
1,1,49,1.96,0.7090718720532802,-0.7207049616442305,-2.942658847079484,0.5742325435515885,0.0
1,1,50,2.0,0.666344522325497,-0.5231399711441842,-3.1649623268727924,0.7425660706870902,0.0
1,1,51,2.04,0.39296890480993646,-0.3296387261626421,-2.714678416347369,0.790136647027273,0.0
1,1,52,2.08,0.17594499612686124,-0.0705525293864129,-1.925730357058941,0.7698532725825997,0.0
1,1,53,2.12,-0.09999749304663043,0.2758724260331156,-1.2488797798109865,0.5908256101780208,0.0
1,1,54,2.16,-0.3124345173380321,0.6354865580877391,-0.4761520211846464,0.3608640432233957,0.0
1,1,55,2.2,-0.36036628138109666,1.0020512834792328,0.19557779437471076,0.09662776769410276,0.0
1,1,56,2.24,-0.1437142367664529,1.3698843961409257,0.4067267775248902,-0.16997280332736828,0.0
1,1,57,2.28,0.06109452619344317,1.5912310447292737,0.39834867181795236,-0.3569849499205054,0.0
1,1,58,2.32,0.1956251868257128,1.6709544528519238,0.38753464822442485,-0.5854264687080101,0.0
1,1,59,2.36,0.16266389616224602,1.6109672552130825,0.4070106765028048,-0.6777711276832505,0.0
1,1,60,2.4,0.0647946578065391,1.535432661867349,0.5476429447365156,-0.6396027262664958,0.0
1,1,61,2.44,-0.03332192904718156,1.3710703422600818,0.820798873802121,-0.6275561430510578,0.0
1,1,62,2.48,-0.025432016753497735,1.2075513353051945,0.9807074711884425,-0.7771491526911537,0.0
1,1,63,2.52,0.17385683635794016,1.0181196670455235,1.0307143952439075,-0.942723824641893,0.0
1,1,64,2.56,0.4578516128595224,0.9383415662568155,1.054999807398151,-0.998736511548837,0.0
1,1,65,2.6,0.5691962964282784,0.8562711993171449,0.9653753099790031,-1.033429112474858,0.0
1,1,66,2.64,0.6636565003828306,0.8188525683903983,0.6072323409704444,-0.9525389352378685,0.0
1,1,67,2.68,0.6560778770152146,0.8030900213868807,0.3720755259813837,-0.684603284794958,0.0
1,1,68,2.72,0.6650177584433171,0.8399375965356682,0.09571456554554215,-0.2098399754356649,0.0
1,1,69,2.76,0.7033761260276616,0.8636860770875741,-0.17173164370336969,0.14410392534776487,0.0
1,1,70,2.8,0.7921767607777316,0.8387492375047746,-0.103048810383368,0.411118197707615,0.0
1,1,71,2.84,0.8156748680887396,0.7668022417612756,0.11670369308664869,0.6579304979901719,0.0
1,1,72,2.88,0.8806156273164332,0.6813769221260956,0.140965300047092,0.8088743436485618,0.0
1,1,73,2.92,0.926543363732757,0.6020321400703106,0.24053419675785315,0.8552035741843974,0.0
1,1,74,2.96,0.960385517924855,0.5252098561604752,0.5335671687554253,0.7874835746219034,0.0
1,1,75,3.0,1.0167599424357308,0.5010023191504425,0.5879451378404187,0.7686549652576397,0.0
1,1,76,3.04,1.1308380793039257,0.5218906949890771,0.6916696572713799,0.7105364152258489,0.0
1,1,77,3.08,1.1946178149695288,0.549284683024926,0.9594942515452038,0.6543333193159979,0.0
1,1,78,3.12,1.1655636209889186,0.5571853603585767,1.212535379632121,0.6011553288093655,0.0
1,1,79,3.16,1.05354167367561,0.5450273013394585,1.3974530964533436,0.5592094142659484,0.0
1,1,80,3.2,0.9972631598068232,0.5040952698464166,1.6277442473861363,0.5042892519045717,0.0
1,1,81,3.24,0.9660686441291465,0.4634612329529996,1.6715140637202823,0.4477779553483227,0.0
1,1,82,3.28,0.9572515956286322,0.4516283137905575,1.4849307180612428,0.43378392123881615,0.0
1,1,83,3.32,0.9263801473769238,0.46706632416533356,1.1543713561133953,0.40241080407923774,0.0
1,1,84,3.36,0.9402737293366114,0.49078765946018854,0.6581828029851173,0.5648080434244332,0.0
1,1,85,3.4,0.9200870631418239,0.5406428396357974,-0.019540925260129714,0.6476392238432236,0.0
1,1,86,3.44,0.9069304787476421,0.6016104837441203,-0.5979388048844038,0.759388071397229,0.0
1,1,87,3.48,0.9095604495122086,0.6728555232478816,-0.9053749477506408,0.9092588565414597,0.0
1,1,88,3.52,0.9929337197702188,0.7197100466014893,-0.8916121659843314,1.1779928949559235,0.0
1,1,89,3.56,1.1067342205692183,0.7325316563485176,-0.6877130399114686,1.2300085241334888,0.0
1,1,90,3.6,1.204546249068244,0.6865747361613921,-0.4013258314621199,1.3682814868361162,0.0
1,1,91,3.64,1.2169204045401552,0.6075227207298003,-0.3266548163362178,1.4876841718339495,0.0
1,1,92,3.68,1.187622227347222,0.5340795186328529,-0.23116395504734485,1.551221701641165,0.0
1,1,93,3.72,0.9981070051928919,0.5192696696138319,-0.014945347291546228,1.448984196838921,0.0
1,1,94,3.76,0.7768849026150106,0.532568432657021,0.03884674952380665,1.4063296787172792,0.0
1,1,95,3.8,0.5456460271891169,0.5933333921793643,-0.002320806458429344,1.330501680978098,0.0
1,1,96,3.84,0.3209408539249639,0.7041978391907742,0.028483702101717995,1.2864742031254435,0.0
1,1,97,3.88,0.20505892392841626,0.8089672711523617,0.022641143425793226,1.2641656022574719,0.0
1,1,98,3.92,0.21605751887566882,0.8579692859526605,-0.19780788238134325,1.2933914700390852,0.0
1,1,99,3.96,0.33090462352339656,0.8908554632558242,-0.2939638196402172,1.324712199536488,0.0
1,1,100,4.0,0.20236417141436924,0.9105826253206161,-0.3015520925281638,1.3788687915725573,0.0
1,1,101,4.04,0.18760907631875826,0.9069210317584208,-0.3692565617721013,1.4150999375402669,0.0
1,1,102,4.08,0.2038684541165625,0.8914653266975671,-0.4463295503415817,1.4413469622541826,0.0
1,1,103,4.12,0.28020659464543946,0.8978527062196262,-0.4468825067876965,1.4424103511999402,0.0
1,1,104,4.16,0.2661817665439535,0.9101826852000665,-0.6041547524334555,1.440944302623062,0.0
1,1,105,4.2,0.46643056739766753,0.9173612986961641,-0.971110051517346,1.4220789412988721,0.0
1,1,106,4.24,0.5886257733434415,0.9247574764006249,-1.0024904400435637,1.3994710053888706,0.0
1,1,107,4.28,0.6108282456648702,0.9276795125151677,-0.6853923274072207,1.385845055053449,0.0
1,1,108,4.32,0.5604667453556349,0.906129395632426,-0.17979175904374078,1.3795414491548896,0.0
1,1,109,4.36,0.5215421684544095,0.8818112668344082,0.37327225127959146,1.3743134828553967,0.0
1,1,110,4.4,0.5662053987737623,0.8765738408314152,1.1607702509851712,1.3711665156903179,0.0
1,1,111,4.44,0.6359753429626155,0.8887978527713681,1.7003048292196936,1.3690542451514054,0.0
1,1,112,4.48,0.726588184055256,0.8997904754211021,1.7286391815589583,1.3561809846268391,0.0
2,1,0,0.0,-1.6771523296757818,-1.1423145942149386,0.31986634904143857,1.4059771171359714,0.0
2,1,1,0.04,-1.3114076847003802,-1.1423145942149386,0.4545353673539091,1.2024647397343868,0.2
2,1,2,0.08,-1.082158649218104,-1.1423145942149386,0.5593812332637201,1.3069709061685533,0.2999999999999999
2,1,3,0.12,-1.064453396272678,-1.1423145942149386,0.261830602770271,1.2503433843180929,0.5999999999999999
2,1,4,0.16,-1.2565734954555112,0.8174059171139938,-0.5710199771342198,0.9867025316461582,0.8
2,1,5,0.2,-1.1812597085762115,1.0335145953234424,-1.2194329558584673,0.9058193155914604,1.0
2,1,6,0.24,-1.2934328465603497,1.2823984902439007,-1.3421725880024664,1.1820712162216105,0.5999999999999999
2,1,7,0.28,-1.51657930488609,1.5940272113775655,-1.3465237958293996,1.079289439752092,0.0
2,1,8,0.32,-1.5797491431031052,1.9095599304700215,-0.820294152737438,0.6689651324228295,0.0
2,1,9,0.36,-1.4388623785814068,0.2570894848583187,0.06750906623488223,0.6722184020137192,0.0
2,1,10,0.4,-1.1561637564958753,0.4343001036744798,0.5629053835601282,0.5985578483745931,0.0
2,1,11,0.44,-0.7613985222916589,0.6044510872631897,0.37391068662217375,0.5943317956365057,0.0
2,1,12,0.48,-0.3031866227858538,0.6591136180229893,0.1761320640080421,0.6482169133248074,0.0
2,1,13,0.52,0.1263473924135688,0.7468811212401273,-0.23892354298577592,1.1252500774255458,0.0
2,1,14,0.56,0.5833461585436529,0.837615829870881,-1.0011293959443361,1.3536319589280954,0.0
2,1,15,0.6,0.7525631966528646,0.750147670929795,-1.2293649708581096,0.8483569477658417,0.0
2,1,16,0.64,0.815283103253928,0.7182275532065509,-0.8143750977532516,0.19683964246954733,0.0
2,1,17,0.68,0.8688221622398005,0.6180951039571099,-0.4512239085378517,-0.5545057465223339,0.0
2,1,18,0.72,0.8300011933887822,0.25134946891951876,-0.1838028599260977,-1.107328479281585,0.0
2,1,19,0.76,0.6674371160743025,-0.09531624748903197,0.7440244093562228,-1.2789557011131814,0.0
2,1,20,0.8,0.5657883131006483,-0.1933037936289924,1.527640353382408,-1.1793110661425856,0.0
2,1,21,0.84,0.546668321906934,-0.25778863298466825,1.773686243793242,-1.1692718767428694,0.0
2,1,22,0.88,0.5537936408156106,-0.05390953994962692,1.0847092578139652,-0.9140223306004077,0.0
2,1,23,0.92,0.5323553103920465,0.3209470131016303,0.31554443974787055,-0.7911520772365034,0.0
2,1,24,0.96,0.6111536143967466,0.501452207864381,0.6288533771870846,-1.0793820014974627,0.0
2,1,25,1.0,0.6757475352362111,0.4991254322365817,0.8645150034422313,-1.0393068701661385,0.0
2,1,26,1.04,0.7386482554773215,0.3057931563539973,0.8491467958255926,-1.0039138888616397,0.0
2,1,27,1.08,0.7766962109756966,-0.26911124078083815,1.2661871906437816,-0.8322294444919723,0.0
2,1,28,1.12,0.8777913597801972,-0.7929011120214318,1.7474640564315183,-0.9310376205972447,0.0
2,1,29,1.16,0.9626167851200608,-1.1863593477249699,0.8977934420671502,-1.1021077641905672,0.0
2,1,30,1.2,1.0196852142273123,-1.6244646033106764,-0.5907072768777571,-1.050014216848619,0.0
2,1,31,1.24,1.0411683976468618,-1.9196264077447822,-1.539608830960672,-0.9261484596238707,0.0
2,1,32,1.28,1.027235935769763,-1.7830455132176357,-1.5432016575201173,-0.7742209380309465,0.0
2,1,33,1.32,1.0492286211905468,-1.3964101803160653,-1.5838543116196868,-0.2930988869819076,0.0
3,1,0,0.0,-2.572595359738896,-0.9069642754742638,1.6870386824532966,0.8210860654746795,0.0
3,1,1,0.04,-2.2877105834623577,-0.9069642754742638,0.7561898419068858,0.8181109357997657,-0.2
3,1,2,0.08,-1.9040209499187732,-0.9069642754742638,0.17178454204764118,0.8253806311816303,-0.2
3,1,3,0.12,-1.7640952141726873,-0.9069642754742638,0.25490627769143676,0.842067304798835,-0.2999999999999999
3,1,4,0.16,-1.626753525218818,2.23398395408948,0.29152088112684554,0.8646205705178158,-0.2999999999999999
3,1,5,0.2,-1.3141165311145553,2.230769340875027,-0.1133296686113574,0.8930999132807531,-0.2999999999999999
3,1,6,0.24,-0.9190447932366588,2.255254154624992,-0.2756040190208323,0.9330084845486251,-0.2999999999999999
3,1,7,0.28,-0.5772637702734799,2.3070955267875943,-0.08353775884125303,0.965258148869329,-0.2999999999999999
3,1,8,0.32,-0.17901639728537314,2.3907036996780895,0.11024450900017713,0.9882970023507357,-0.2999999999999999
3,1,9,0.36,0.17326991651436477,-0.659574911538531,0.23510090943123804,0.9928270366418656,-0.2999999999999999
3,1,10,0.4,0.49812767031788163,-0.527238236544727,0.4366173211199282,0.9432699018444686,-0.2999999999999999
3,1,11,0.44,0.618505324049355,-0.40159367347321645,0.5885289139440315,0.8697415709407528,-0.2999999999999999
3,1,12,0.48,0.6190760489278214,-0.25613918879255476,0.6039322513870422,0.7842385858011331,-0.2999999999999999
3,1,13,0.52,0.59520772507824,-0.14088713031537156,0.6626323071660655,0.6673681492221635,-0.2999999999999999
3,1,14,0.56,0.5683029472215699,-0.07450001562934067,0.5464294819391913,0.537077238937268,-0.2999999999999999
3,1,15,0.6,0.5554019295863596,-0.05957023680349107,0.14247920873798087,0.42946280057207076,-0.2999999999999999
3,1,16,0.64,0.5283958542404468,-0.11895354088379251,0.019429305980193764,0.28377535151387123,-0.2999999999999999
3,1,17,0.68,0.4885777053962186,-0.2821078058978182,-0.0516480660326427,0.10050648097326802,-0.2999999999999999
3,1,18,0.72,0.42196184108234214,-0.3721028612451287,-0.8520108605347351,-0.06121736714133021,-0.2999999999999999
3,1,19,0.76,0.27727361348724266,-0.39858137034763524,-1.8801081714703223,-0.10459971782197612,-0.2999999999999999
3,1,20,0.8,0.1646340996664306,-0.30721131212886665,-2.506649781867042,0.05391123736216931,-0.2999999999999999
3,1,21,0.84,0.09832953983171698,-0.1368797438456897,-2.5268638413284608,0.010050359446359307,-0.2999999999999999
3,1,22,0.88,0.024578379201753014,-0.13775779315582062,-2.1049923626292033,-0.1936417922515407,-0.2999999999999999
3,1,23,0.92,0.11833208795325967,-0.2524840806462278,-1.0525063423378707,-0.38763366205772354,-0.2999999999999999
3,1,24,0.96,0.32377986729256225,-0.3976450980758813,0.1320946542885433,-0.8756218272394063,-0.2999999999999999
3,1,25,1.0,0.5055421523970323,-0.6427837622729184,1.0788658838641625,-1.6779785566444194,-0.2999999999999999
3,1,26,1.04,0.6742395320584749,-0.7558157027690261,1.3295025194900931,-2.211655393736794,-0.2999999999999999
3,1,27,1.08,0.8693137896529206,-0.5780615890450138,0.58089098453714,-2.11117438257731,-0.2999999999999999
3,1,28,1.12,0.9437600322416491,-0.27384720267604706,-0.21651228019966995,-2.00802113836244,-0.2999999999999999
3,1,29,1.16,0.9679133067520497,-0.05905328747756633,-0.2345525978538695,-1.6918570820564502,-0.2999999999999999
3,1,30,1.2,0.9670518663150001,0.05714974603945742,0.1297749395431911,-1.056995828776141,-0.2999999999999999
3,1,31,1.24,0.9102906829473656,-0.06474443494852505,0.4315712370036867,-0.3535584984134977,-0.2999999999999999
3,1,32,1.28,0.7773850828215912,-0.3181466429209507,1.023873056338958,-0.35025434816818696,-0.2999999999999999
3,1,33,1.32,0.4553661293875908,-0.6314196987634293,0.6849080417295608,-0.5389481748303447,-0.2999999999999999
4,1,0,0.0,-2.3579002669057214,-1.1961368293287145,0.1598858183351792,1.6504480509938317,0.0
4,1,1,0.04,-1.6781505895381494,-1.1961368293287145,0.8824922239534978,1.6391109474938796,-0.1
4,1,2,0.08,-1.056625812540635,-1.1961368293287145,1.3085956028514776,1.5850659761176367,-0.1
4,1,3,0.12,-0.5644955616994445,-1.1961368293287145,1.1735708245965086,1.5001206288331905,-0.1
4,1,4,0.16,-0.14904105864691697,0.3896120425566756,0.9547156742731464,1.4214375717376002,-0.1
4,1,5,0.2,0.6621793101041205,0.37024917412150676,1.3323661112525118,1.1878487545645442,-0.2
4,1,6,0.24,1.1806102902227276,0.3862403619779494,1.3964182370362332,0.9185552284063466,-0.2999999999999999
4,1,7,0.28,1.4729791730091601,0.42093893885184147,1.0485019930468855,0.6817008772793733,-0.2
4,1,8,0.32,1.603204165256341,0.42779395997883185,0.7017938375638887,0.5470890432213759,0.0
4,1,9,0.36,1.4994710413074759,-1.1621854410694246,0.6766340443623965,0.43429334851282836,0.0
4,1,10,0.4,1.3660428227098484,-1.1003621798375292,0.26707454940835845,0.4940456999691078,0.0
4,1,11,0.44,1.1959383214996784,-1.004524460161821,0.04319336710886305,0.632764659678127,0.0
4,1,12,0.48,0.8698946978290876,-0.8769424868984669,0.23463616730179165,0.6229825566553229,0.0
4,1,13,0.52,0.4939308346970053,-0.7364308040212737,0.42416392474997494,0.4973408906390546,0.0
4,1,14,0.56,-0.06134779405289231,-0.6081981781400358,0.4272182795258009,0.31352724661181325,0.0
4,1,15,0.6,-0.5306046359916298,-0.5451048249779787,0.3446148458125359,-0.0221854607661003,0.0
4,1,16,0.64,-0.945637314998008,-0.5647669550029757,-0.2674550276622914,-0.40008616477227604,0.0
4,1,17,0.68,-1.1419252256727668,-0.6420356539231977,-0.7637876787339993,-0.5384156329441072,0.0
4,1,18,0.72,-1.2523851249575553,-0.7058263187682191,-1.2516647291719967,-0.5095234011500136,0.0
4,1,19,0.76,-1.0410829146401792,-0.7005667158803319,-2.2121918882416307,-0.51849389871081,0.0
4,1,20,0.8,-0.848060185722648,-0.5928730886609518,-2.526844432421169,-0.4573186839232473,0.0
4,1,21,0.84,-0.5102292163624678,-0.42462178712665777,-1.7246967595144547,-0.2914447169413303,0.0
4,1,22,0.88,0.03272951383957198,-0.21654809979930184,-1.3624266104085336,-0.2053604968415058,0.0
4,1,23,0.92,0.45709768626729624,0.04190933314879075,-1.1011057226118983,-0.13696321266262088,0.0
4,1,24,0.96,0.7943750115669054,0.3105683684434534,-0.5193214426584524,-0.29987908698012644,0.0
4,1,25,1.0,0.7461315226888603,0.5588071443522223,-0.254205961429935,-0.37817479441246465,0.0
4,1,26,1.04,0.2304753538738296,0.8140753497553869,-0.5263950606853763,-0.6597873908902583,0.0
4,1,27,1.08,-0.20560634503540046,1.0887916970574885,-0.6581461636267131,-0.837193866178855,0.0
4,1,28,1.12,-0.585131984957159,1.3295396014075465,-0.3931334225649573,-1.2144493718518552,0.0
4,1,29,1.16,-0.7850330822272111,1.5298353834792817,0.18289282295148593,-1.256842658858855,0.0
4,1,30,1.2,-0.4965054346610313,1.643331789461419,0.46736947633316056,-1.35635181526711,0.0
4,1,31,1.24,0.12855607332341448,1.7188789297734923,0.37949300969739086,-1.4329010716443766,0.0
4,1,32,1.28,0.4837635569846634,1.7809444963571517,0.5347245711144252,-1.646679532028779,0.0
4,1,33,1.32,0.992383173429867,1.8540177408599812,0.6210195184558955,-1.9642802238893302,0.0
5,1,0,0.0,-2.334017017360606,-1.3369004225458299,0.9274734620477805,1.3828424415582705,0.0
5,1,1,0.04,-2.1146562137460174,-1.3369004225458299,1.081874511135176,1.364033511331202,-0.2
5,1,2,0.08,-1.3761170612813027,-1.3369004225458299,0.9069345974645336,1.3011307714964842,-0.2
5,1,3,0.12,-0.965675521121724,-1.3369004225458299,0.7836140580856125,1.2734421639280142,-0.2
5,1,4,0.16,-0.7681461529447464,-0.8046034005209071,0.7434689625900717,1.2116583369076148,-0.2
5,1,5,0.2,-0.4745250182426913,-0.8266204180666339,0.7925538119426417,1.1266798173541648,-0.2
5,1,6,0.24,-0.22284771558136734,-0.8239642378552527,0.8873289759839565,1.0223716723867888,-0.2
5,1,7,0.28,-0.44841924014637463,-0.8141176635769037,0.7887137826936717,0.9451224586928823,-0.2
5,1,8,0.32,-0.6307940556678673,-0.8011630333352072,0.7625405187426297,0.819562139673925,-0.2
5,1,9,0.36,-0.7374982485128023,-1.3122350417862,0.7927061698718978,0.7369628421049672,-0.2
5,1,10,0.4,-0.6171562283274317,-1.2527264607204411,0.7444861041257852,0.6235492175671468,-0.2
5,1,11,0.44,-0.4884597867345582,-1.2003311697010666,0.6639570159016299,0.5759099273729572,-0.2
5,1,12,0.48,-0.2864210273006967,-1.1287789050884045,0.9134571419879389,0.48695477583960706,-0.2
5,1,13,0.52,-0.1475112411402771,-1.0561033912357949,1.1190641675190074,0.49805611556322016,-0.2
5,1,14,0.56,-0.005225627624557294,-0.9911133183472847,1.1778724999167,0.4830274915626434,-0.2
5,1,15,0.6,0.18612611244116697,-0.9379071914985515,1.0081043253686786,0.5497980696404922,-0.2
5,1,16,0.64,0.20915872850038122,-0.8937344047018544,0.7328471771940553,0.6712907533616645,-0.2
5,1,17,0.68,0.1640200958785878,-0.8689384445525273,0.6108828265294189,0.7462390860287378,-0.2
5,1,18,0.72,0.014501997643181445,-0.8461440799052757,0.4778292563418087,0.7700967477914639,-0.2
5,1,19,0.76,-0.09382213439895558,-0.8227933759942997,0.3965545284118743,0.6437042040221489,-0.2
5,1,20,0.8,-0.21652108025376202,-0.8082731255189869,0.5145167409908121,0.3792961348545271,-0.2
5,1,21,0.84,-0.13588760498364663,-0.8053423732711739,0.6452188188982844,0.002687365084924393,-0.2
5,1,22,0.88,0.04847564297116157,-0.8115458714064834,0.6262740245428673,-0.2867477407292714,-0.2
5,1,23,0.92,0.3464657479639119,-0.8197241385297941,0.6233097486712612,-0.5660725436022033,-0.2
5,1,24,0.96,0.5602662390778459,-0.8298073546409007,0.30018844287326746,-0.6337571784126171,-0.3
5,1,25,1.0,0.591103756534198,-0.834628487835754,-0.4593085212876454,-0.6054376914276921,-0.3
5,1,26,1.04,0.47641578208041957,-0.8376388313306207,-0.889252694382878,-0.5229105811460032,-0.3
5,1,27,1.08,0.3769354877050012,-0.8402031618216298,-0.8067551417127342,-0.3877977539047029,-0.3
5,1,28,1.12,0.24188450547150034,-0.8408214152585642,-0.7725062980794034,-0.23902135243109857,-0.3
5,1,29,1.16,0.016662870600585203,-0.8374421627804233,-0.42132431830274336,-0.1175534609012094,-0.3
5,1,30,1.2,-0.001582910993386934,-0.8369968604127005,0.31416591166114866,-0.041547111116386745,-0.3
5,1,31,1.24,0.1205192904751736,-0.840702827853635,0.7513394684995818,0.01591515294777356,-0.3
5,1,32,1.28,0.05237308502380471,-0.8457871629067696,0.7081789048682048,0.0385756891399887,-0.3
5,1,33,1.32,-0.16590155794530873,-0.8539325631088639,0.737942940495954,0.03474035489943132,-0.3
5,1,34,1.36,-0.21670210702800677,-0.8615448973806361,0.7541827721753587,0.01041921525049468,-0.3
5,1,35,1.4,-0.298988435454282,-0.8610390132824548,0.933757921913735,0.020238638926009665,-0.3
5,1,36,1.44,-0.3643712993952213,-0.8514116702515706,0.9238083397015964,-0.002510178768340799,-0.3
5,1,37,1.48,-0.24978635994338794,-0.8435745973022921,0.3735760578794028,-0.03768686634473094,-0.3
5,1,38,1.52,-0.10174938986090402,-0.8455985778426012,-0.27324764685876735,-0.09139006617922703,-0.3
5,1,39,1.56,-0.15186375445150332,-0.8550705580486007,-0.9407737470242525,-0.1366697787982465,-0.3
5,1,40,1.6,-0.586640695252143,-0.8680416217509053,-1.7752960215728744,-0.22869638106507112,-0.3
5,1,41,1.64,-0.9800526603771401,-0.884095513833786,-2.0035792395047705,-0.3331891361441511,-0.3
5,1,42,1.68,-1.288331955147197,-0.8966059076619612,-1.4855542050638761,-0.4572944671352878,-0.3
5,1,43,1.72,-1.364449062832168,-0.8953483481926103,-0.902757091800419,-0.571425230953189,-0.3
5,1,44,1.76,-1.2956696214313612,-0.8858116112688631,-0.2369855455482468,-0.6931984983761882,-0.3
5,1,45,1.8,-0.9132544962011807,-0.8756207337833938,0.30515028355534984,-0.7608228982206677,-0.3
5,1,46,1.84,-0.6469104472216919,-0.8678705361015466,0.3965782962488382,-0.8119239238588445,-0.3
5,1,47,1.88,-0.4813546647256114,-0.8595194067385412,0.25762908363073483,-0.8668398109495498,-0.3
5,1,48,1.92,-0.28256723201970707,-0.8600219153150842,0.11892090125671474,-0.916607975249187,-0.3
5,1,49,1.96,-0.11705151869104599,-0.8727513627316904,0.08256799462035752,-0.9462550574508752,-0.3
5,1,50,2.0,-0.06843903235792963,-0.8899300141563043,0.1890235269501599,-0.9656157470662896,-0.3
5,1,51,2.04,-0.00046168982641484285,-0.8977822769529558,0.25458923822621776,-0.9704859629907258,-0.3
5,1,52,2.08,0.094062907163914,-0.8999189821500853,0.2712352561450191,-0.95411879734048,-0.3
5,1,53,2.12,0.1369598129726074,-0.9012850912889666,0.3826131684532267,-0.9398699143822221,-0.3
5,1,54,2.16,0.1763592528820407,-0.8991910242599017,0.4761325984416131,-0.9309204066882044,-0.3
5,1,55,2.2,0.36139580595371285,-0.8891963711770456,0.693554371954773,-0.9369186969009854,-0.3
5,1,56,2.24,0.5314321799925967,-0.8821270517414775,0.6340055800208959,-0.9334037085401605,-0.3
5,1,57,2.28,0.7152723822083737,-0.8822753970345351,0.21091964675319622,-0.907909821322643,-0.3
5,1,58,2.32,0.8719642924540192,-0.8836924943160603,-0.4190135055897165,-0.85470796811522,-0.3
5,1,59,2.36,1.1394116745793095,-0.8828085517943742,-0.9744539908655997,-0.7700185527302907,-0.3
5,1,60,2.4,1.3618070021052762,-0.8828292490717888,-1.483895941361853,-0.6730885993907754,-0.3
5,1,61,2.44,1.5238295426597486,-0.887115450916467,-1.5610987512744898,-0.5691209180717147,-0.3
5,1,62,2.48,1.6281882581688012,-0.8997281763479968,-1.0618161798589605,-0.4637737495269282,-0.3
5,1,63,2.52,1.55920203124326,-0.9180743141119255,-0.2794330740707054,-0.3593415252633204,-0.3
5,1,64,2.56,1.4651811609290968,-0.936790515642847,0.33470391288279633,-0.28011597748575234,-0.3
5,1,65,2.6,1.3974685611109063,-0.9479777049887554,0.8372120540186059,-0.18524395353247522,-0.3
5,1,66,2.64,1.33609905359979,-0.91404571786597,1.2243072354477902,-0.09064535372220582,-0.3
5,1,67,2.68,1.178695915632407,-0.8328781022071918,1.335312175545179,0.017369194257072687,-0.3
5,1,68,2.72,1.1028592921193854,-0.7268178798848073,1.3289289877410664,0.08473389737710704,-0.3
5,1,69,2.76,1.044238815701769,-0.6170579081876642,1.2636292934094897,0.15718928349728573,-0.3
5,1,70,2.8,1.0009397871771533,-0.5168192170783451,1.0891459456668513,0.20120139918584568,-0.3
5,1,71,2.84,0.9768625106815784,-0.45497743992429307,0.810542103218189,0.2663647450636257,-0.3
5,1,72,2.88,1.041618578360704,-0.42046992636215463,0.07721367991251141,0.30441016727006154,-0.3
5,1,73,2.92,1.1504135231200554,-0.3885172385327274,-0.7946797093136857,0.42171569248010243,-0.3
5,1,74,2.96,1.2141542667175371,-0.3506106635102014,-1.2543393158572347,0.5772727878546486,-0.3
5,1,75,3.0,1.3014563962800376,-0.3027807655068105,-1.6270814662029216,0.7683153785533359,-0.3
5,1,76,3.04,1.431770630507574,-0.24586058773111374,-1.8850030244709304,0.9251262842698715,-0.3
5,1,77,3.08,1.5617492854579478,-0.18002023870778483,-1.3839850962411746,1.0942504477574304,-0.3
5,1,78,3.12,1.6759650161528301,-0.11261604604117564,-0.7426506953361713,1.1913196278895226,-0.4
5,1,79,3.16,1.745507202776347,-0.030602418064385527,-0.5205969360577682,1.2273589535487757,-0.4
5,1,80,3.2,1.7437298489928375,0.056518551810390553,-0.007466704810083982,1.224194783570096,-0.4
5,1,81,3.24,1.6826730240917904,0.14928854597660468,0.4546415983724685,1.1405930294266224,-0.4
5,1,82,3.28,1.6175591959892537,0.24993798477161133,0.7790000505560216,1.0013778933216855,-0.4
5,1,83,3.32,1.5526428516404374,0.36944788423282393,1.1486599999928582,0.8178156806812795,-0.4
5,1,84,3.36,1.4745773806895703,0.48747406427491063,1.448986121847275,0.6132709904281213,-0.4
5,1,85,3.4,1.4028006224614284,0.6011920127521526,1.4513196358917613,0.3537462137345147,-0.4
5,1,86,3.44,1.333326410318353,0.7003028354866503,1.5117703867668344,0.2406489706926177,-0.4
5,1,87,3.48,1.2392983847957217,0.7839538579466319,1.3786314961388404,0.12130575220473688,-0.4
5,1,88,3.52,1.1191724519060928,0.8484006495103878,0.6722530575075525,0.06156663009622778,-0.4
5,1,89,3.56,0.9685173910450896,0.8899384863502189,-0.11905715642960371,-0.009581811104939025,-0.4
5,1,90,3.6,0.736431049169764,0.9005333604780988,-0.5456101467354546,0.12617247710462484,-0.4
5,1,91,3.64,0.33176966529102986,0.9037843431339792,-0.6591564170928346,0.2683667588871844,-0.4
5,1,92,3.68,0.008335638985267018,0.9068845820998481,-0.7029282407363868,0.4793148757104432,-0.4
5,1,93,3.72,-0.2135616860313071,0.9139046899831085,-0.32575018928040966,0.6132717004670125,-0.4
5,1,94,3.76,-0.2567712744500632,0.9359701196154918,0.26892078684169013,0.7487328609543387,-0.4
5,1,95,3.8,-0.5997719338330297,0.9791320265109941,0.06470798872124374,0.7234510978555578,-0.4
5,1,96,3.84,-0.7295516739879884,1.029757567067144,-0.7124036850726805,0.46614063661396954,-0.4
5,1,97,3.88,-0.8956641317029019,1.0806632759192834,-1.42791186789878,0.10829032514025466,-0.4
5,1,98,3.92,-1.0662986811697268,1.1332555019774058,-2.092285530150028,-0.32683174376216123,-0.4
5,1,99,3.96,-1.4302376270932569,1.1933959273961694,-2.6015859401300023,-0.8029130569706482,-0.4
5,1,100,4.0,-1.7211626792444865,1.2239944980714834,-2.113596595504721,-1.1998584056416697,-0.4
5,1,101,4.04,-1.9823578402102437,1.189333131786246,-1.1108726906366888,-1.4510022382833623,-0.5
5,1,102,4.08,-2.0212263636513335,1.1413663474974645,-0.02830256578342728,-1.630323447796723,-0.5
5,1,103,4.12,-1.9771137879238794,1.0996981977564866,0.7546719934861998,-1.6604732375333588,-0.5
5,1,104,4.16,-1.8214214603012462,1.0398708963844459,1.1226668231141965,-1.4228520364040735,-0.5
5,1,105,4.2,-1.3308625142823227,1.0075557841264708,0.941036974341873,-1.1114201624210909,-0.5
5,1,106,4.24,-0.7785419553282322,1.0472727047013997,0.3857253838741404,-0.5775015071041832,-0.5
5,1,107,4.28,-0.4592379153503299,1.0960351349721669,-0.25415674124919385,0.1117908760436258,-0.5
5,1,108,4.32,-0.29683543322619727,1.1361995786527386,-0.44833905509706673,0.9352769410881168,-0.5
5,1,109,4.36,-0.37886488966846055,1.1872068196425818,-0.2713561231670532,1.6258644943433258,-0.5
5,1,110,4.4,-0.6499363848829066,1.2620479971147982,-0.19922835587793636,2.158872347272586,-0.5
5,1,111,4.44,-0.8549452713519321,1.3476969730666661,0.3263524129906248,2.476444341736861,-0.5
5,1,112,4.48,-0.9604108976110135,1.4288826211173549,0.7815669769481279,2.5626758432535945,-0.5
5,1,113,4.52,-0.9842391728518955,1.4877260467613085,0.6947909089086153,2.388836548169412,-0.5
5,1,114,4.56,-0.879617861192058,1.5276582900849625,0.6217614873941609,2.12609281016269,-0.5
5,1,115,4.6,-0.47028412618357335,1.536927294845072,0.9378615303803178,1.8450958657010554,-0.5
5,1,116,4.64,-0.16032693502771778,1.5234145487493151,0.9459422902322014,1.4267496490006604,-0.5
5,1,117,4.68,0.018820881474605672,1.5028857809280711,0.6128244759798583,1.0462559606079336,-0.5
5,1,118,4.72,0.1339825307289819,1.476124645378557,0.3266066983745532,0.7402361805631641,-0.5
5,1,119,4.76,0.2937726462413685,1.4338385086891952,-0.13735930503941854,0.38322259075278436,-0.5
5,1,120,4.8,0.3870057281031762,1.378021149364582,-0.9482543689927965,-0.06783482181423135,-0.6
5,1,121,4.84,0.43016236797927143,1.3184972896219331,-2.4120054451773796,-0.5421521025675164,-0.6
5,1,122,4.88,0.4016095085868221,1.253629801466608,-3.1476794188039547,-1.0113665113196921,-0.6
5,1,123,4.92,0.22183632686437982,1.1854499494592934,-2.554802609656775,-1.4881465027970893,-0.6
5,1,124,4.96,-0.035791962679967634,1.1312415591724951,-1.911145664478192,-1.9095096155761546,-0.6
5,1,125,5.0,-0.44820673045486703,1.0950758650202335,-1.228704789544042,-2.2230933215887325,-0.6
5,1,126,5.04,-0.9731965396228862,1.0798467550008495,0.04707743386358966,-2.3698765255550107,-0.6
5,1,127,5.08,-1.3940265480772684,1.1063682285140344,0.9562267551728447,-2.495475896712982,-0.6
5,1,128,5.12,-1.6908603713815562,1.1628139678404976,0.8228273324858232,-2.493302112647668,-0.6
5,1,129,5.16,-1.8289902398189326,1.2349414924039621,0.5963686007567685,-2.2571193911419836,-0.6
5,1,130,5.2,-1.8124194925273758,1.308855112061743,0.471818431316798,-1.8585163975096204,-0.6
5,1,131,5.24,-1.6273142494544115,1.3684056206594322,0.18468163068222038,-1.3327049070821733,-0.6
5,1,132,5.28,-1.270406011371756,1.3884070076394293,-0.2751510544689635,-0.751728483422944,-0.6
5,1,133,5.32,-0.7558477806295637,1.367754233812731,-0.6857256593020131,-0.22446904618668095,-0.6
5,1,134,5.36,-0.2333580013003448,1.3120995213333804,-0.975348484268262,0.06443341211932287,-0.6
5,1,135,5.4,0.2773607445778009,1.2471028750606266,-1.33900126527039,0.1908335888067178,-0.6
5,1,136,5.44,0.7103953921164347,1.1926767636281492,-1.546055386413533,0.18452915349202767,-0.6
5,1,137,5.48,0.9722652892407442,1.1595106645992215,-1.2556825033615562,0.07908252033256977,-0.6
5,1,138,5.52,1.094880519156471,1.1650281323762774,-0.7879590486962712,-0.10967776869026973,-0.6
5,1,139,5.56,1.1659117046622294,1.2070636809987438,-0.22921970953613557,-0.3822334157942413,-0.6
5,1,140,5.6,1.1808782542152156,1.2581839131339578,0.20715229223648132,-0.6748669509636159,-0.6
6,1,0,0.0,-3.6989734414071167,1.823229847642516,-1.0352337997771492,-1.7710355840317347,0.0
6,1,1,0.04,-3.0936573273271697,1.823229847642516,-1.5288890674006537,-1.6923058509958868,0.2999999999999999
6,1,2,0.08,-2.386114271879226,1.823229847642516,-1.226149802805529,-1.6834769354183,0.5
6,1,3,0.12,-1.7504802994131592,1.823229847642516,-1.0136545027898558,-1.5332852640622479,0.5999999999999999
6,1,4,0.16,-1.5025562034148008,2.21374512054844,-0.8425312773092443,-1.5013121379813965,0.5999999999999999
6,1,5,0.2,-1.0219877367810666,2.0738238127258684,-0.3373302683182225,-1.3729798863834186,0.5999999999999999
6,1,6,0.24,-0.8989646173251598,1.8566805467744876,0.3851007485907163,-1.2080109269299897,0.5999999999999999
6,1,7,0.28,-1.0563832438634357,1.6702773989713076,0.5024833584075632,-0.8300243954373905,0.1
6,1,8,0.32,-1.1025245518247049,1.4960152054149287,0.24778631065478568,-0.5452644064020691,0.0
6,1,9,0.36,-1.3246808728024662,0.963250040156889,-0.09526597215923016,-0.009650422252437138,0.0
6,1,10,0.4,-1.4124349053803733,0.9627744274235321,-0.7775020272288534,0.5995157126867017,0.0
6,1,11,0.44,-1.324987530994965,1.054012642887359,-1.9815666637021296,1.193765913477717,0.0
6,1,12,0.48,-1.3101276218291051,1.1288685349454946,-2.4723588124782103,1.6346605953487605,0.0
6,1,13,0.52,-1.4981486991350978,1.184661735538677,-2.049935715819096,2.0102321843980397,0.0
6,1,14,0.56,-1.5032000724610461,1.2038689235991078,-1.560155257011522,2.158725231198281,0.0
6,1,15,0.6,-1.2707848467850131,1.219732285292799,-1.0217325788653542,1.9841219945671986,0.0
6,1,16,0.64,-0.9558378304439943,1.295182715161054,-0.046986463431893735,1.658555454569967,0.0
6,1,17,0.68,-0.5520991226227692,1.3419980357692862,0.6665955879363746,1.167828279659731,0.0
6,1,18,0.72,-0.432162953532732,1.393069087622262,0.5629688902122055,0.7551973107095755,0.0
6,1,19,0.76,-0.3631569391592169,1.4100089927391084,0.4045161195930097,0.3394444607798117,0.0
6,1,20,0.8,-0.4274623700210756,1.4408436904770767,0.26962676963548465,0.032725486565758,0.0
6,1,21,0.84,-0.5101967135143243,1.3667155358179826,0.24662622338576495,-0.3159854443068771,0.0
6,1,22,0.88,-0.4959999102554859,1.2705344859044925,0.09753991075403318,-0.657115935423156,0.0
6,1,23,0.92,-0.18418171274203518,1.0884977624955616,0.13756939234777493,-0.8653528040455519,0.0
6,1,24,0.96,0.330125944547309,0.8712779571354244,0.052359317282437805,-1.0405563191548028,0.0
6,1,25,1.0,0.7985072940841605,0.5981858721362163,-0.09880749099150486,-1.0117886464779042,0.0
6,1,26,1.04,1.1451408148770932,0.3357724358375765,-0.31051453100527954,-0.79300301393377,0.0
6,1,27,1.08,1.3234642511877042,0.08424554818960416,-0.5045106983126683,-0.6223297254644461,0.0
6,1,28,1.12,1.3153757170179101,-0.15834882264702832,-0.5934785036260298,-0.7562538741117549,0.0
6,1,29,1.16,1.2538290783085309,-0.36108779222426435,-0.4672683250885865,-0.981563927663192,0.0
6,1,30,1.2,1.114717153756664,-0.538092093294336,-0.32347651754020557,-1.3405219199932772,0.0
6,1,31,1.24,0.9369527179888486,-0.7113671561693676,-0.17742182371398138,-1.733377849622171,0.0
6,1,32,1.28,0.719423427819745,-0.8183907927390225,-0.03846414450735542,-1.7675951658548767,0.0
6,1,33,1.32,0.37490030381285744,-0.8514885698832518,-0.007068624923538861,-1.6030351701643186,0.0
6,1,34,1.36,0.15003498020464065,-0.8394635632076096,-0.04286067336759379,-1.4056567043020587,0.0
6,1,35,1.4,0.19989352861747958,-0.7983235434275706,0.11662087016516763,-0.9596127586104775,0.0
6,1,36,1.44,0.17805290214698727,-0.7080531924323605,0.5622143071945901,-0.49243953957897874,0.0
6,1,37,1.48,0.4470939791763315,-0.6585391132890789,0.8751507383092246,-0.1951255294300251,0.0
6,1,38,1.52,0.8584029575062222,-0.6203270324018864,0.8142861031682684,-0.008418961536307133,0.0
6,1,39,1.56,1.080790120813389,-0.6029169441207254,0.6663474538455145,0.26308932695222287,0.0
6,1,40,1.6,0.8484688162811832,-0.6370670943485026,0.3615316336140259,0.35334129234330464,0.0
6,1,41,1.64,0.8162346270869352,-0.7597730777858778,-0.3424377237809249,0.5392771902116659,0.0
6,1,42,1.68,0.7069013630291996,-0.9587849109367351,-1.1275401992420822,0.5381113849540853,0.0
6,1,43,1.72,0.6121417183856638,-1.1346867905570073,-1.301626625470464,0.43962182398068744,0.0
6,1,44,1.76,0.5976959675166753,-1.279357745259773,-1.2312883756866728,0.38253163706562815,0.0
6,1,45,1.8,0.7474356918618609,-1.3307381949744594,-1.339334379531159,0.1813048714964732,0.0
6,1,46,1.84,0.765153972224279,-1.2560641934792371,-1.3501986149238145,-0.12889853169632312,0.0
6,1,47,1.88,0.5943442274200161,-1.1128466993795874,-1.185789245683973,-0.25454768760452295,0.0
6,1,48,1.92,0.396368640448156,-0.9899173592350813,-0.9352947749707617,-0.11798613754261755,0.0
6,1,49,1.96,0.2995755464617103,-0.8730936132653618,-0.4939831177261798,0.1271595603687421,0.0
6,1,50,2.0,0.26006529757080277,-0.7815420591235841,0.2997850698650129,0.5909970973120221,0.0
6,1,51,2.04,0.1854828567299277,-0.7177024999309634,1.2896475210158664,0.9489177093474046,0.0
6,1,52,2.08,0.24777407510966298,-0.6391065105397034,2.240735137982327,1.3489970621457794,0.0
6,1,53,2.12,0.35197788681826264,-0.5330885702745723,2.6817748485459663,1.5445469152641478,0.0
6,1,54,2.16,0.30587731573865024,-0.41220473269301616,2.3978376657218425,1.5345523748011192,0.0
6,1,55,2.2,0.24369472904333989,-0.301872386808008,1.636033566441437,1.2034184683654428,0.0
6,1,56,2.24,0.23931325110469617,-0.229988833505693,0.46824758351390233,0.9703568620219055,0.0
6,1,57,2.28,0.09376037293021672,-0.16434350473807385,-0.4331086469501894,0.6224402900488656,0.0
6,1,58,2.32,0.013342373791412152,-0.11559438181388094,-0.8212769876655773,0.4025822850150872,0.0
6,1,59,2.36,0.040928032156132436,-0.10937761283427112,-0.8162637472332014,0.056560341988766014,0.0
6,1,60,2.4,0.2524271322593795,-0.12758829982807193,-0.4509751642671147,-0.04530313996629165,0.2
6,1,61,2.44,0.5549414786334915,-0.15305691945216907,-0.03524461330619668,-0.10246511499262223,0.2999999999999999
6,1,62,2.48,0.8047332474979967,-0.17907935511856926,0.13938915738408236,-0.22403172790957768,0.2999999999999999
6,1,63,2.52,0.9175381991372883,-0.20426371053119963,0.2551837435304251,-0.39941260895538677,0.2999999999999999
6,1,64,2.56,0.9427113288436428,-0.22589966742737239,0.7026476767663308,-0.4937016635587171,0.2999999999999999
6,1,65,2.6,0.7567519903817135,-0.2766137689026716,1.2027155195995611,-0.5882571879352088,0.2999999999999999
6,1,66,2.64,0.6089517942356,-0.36110802174763124,1.8319991039706516,-0.7006077465405103,0.2999999999999999
6,1,67,2.68,0.5140552284064753,-0.4518259618940447,1.6906881196658692,-0.7167387876641731,0.2999999999999999
6,1,68,2.72,0.5129666484020897,-0.5493215805316036,0.9143436732600669,-0.7649348244114198,0.2999999999999999
6,1,69,2.76,0.5093229606535292,-0.6505050150068326,0.1762125670667119,-0.6632407720188098,0.2999999999999999
6,1,70,2.8,0.509963434959649,-0.7381901905484078,-0.24795385276344487,-0.4911853519733506,0.2999999999999999
6,1,71,2.84,0.4542738545690693,-0.7956062192693445,-0.4686278859382988,-0.3177548949892182,0.2999999999999999
6,1,72,2.88,0.5380243569437467,-0.8394259940927855,-0.01798600725637844,-0.15870178094653617,0.2999999999999999
6,1,73,2.92,0.7491862461932366,-0.8435557943652283,0.8459968807381778,0.10207773222566086,0.2999999999999999
6,1,74,2.96,0.8822577964588274,-0.8093308562025797,1.319992870866043,0.37655783207425725,0.2999999999999999
6,1,75,3.0,0.9907785860434388,-0.7702069580110765,1.2754528015566677,0.6600062751637891,0.2999999999999999
6,1,76,3.04,1.008782024577475,-0.7363640163026541,1.1184579481375252,0.8958745922362782,0.2999999999999999
6,1,77,3.08,0.8425121789183255,-0.7197935846017591,1.0398137633999451,1.1309449429663943,0.2999999999999999
6,1,78,3.12,0.4573291206936386,-0.7557835705715896,0.8890852448275216,1.3297924797757261,0.2999999999999999
6,1,79,3.16,0.13775959986415098,-0.805564661908575,0.7405464492126875,1.3701643338829528,0.2999999999999999
6,1,80,3.2,-0.08984867377589507,-0.8082177945489314,0.6213533923295655,1.2342558512118593,0.2999999999999999
6,1,81,3.24,-0.27004261190275763,-0.7860859078223408,0.2555262652066123,0.9976726592289714,0.2999999999999999
6,1,82,3.28,-0.7203899702443147,-0.7654762270488356,-0.330545578249707,0.721023404038292,0.2999999999999999
6,1,83,3.32,-1.050617843528369,-0.741556260633481,-0.7681316004763757,0.3754190826375076,0.4
6,1,84,3.36,-1.3305062468799762,-0.7189924604469539,-0.7520196224055317,0.08847875518749285,0.5
7,1,0,0.0,-2.4337531555915324,0.9332275881671304,1.5775389450828847,-1.178004817299369,0.0
7,1,1,0.04,-1.937566715357387,0.9332275881671304,1.223251439247241,-1.1888226263450563,0.2
7,1,2,0.08,-1.5570198627331988,0.9332275881671304,0.7062650346073086,-1.200533339455116,0.2
7,1,3,0.12,-1.3192069508751332,0.9332275881671304,0.14036342714535144,-1.1537864669305915,0.2
7,1,4,0.16,-1.224078232774119,2.0118124479860353,-0.3073066048961663,-1.0947570736769336,0.2
7,1,5,0.2,-1.0181895756495902,1.9594913805518284,-0.828237885716081,-0.9727550832142001,0.2
7,1,6,0.24,-1.132942600490702,1.923518851726097,-1.2425347699988485,-0.8261431443265751,0.2
7,1,7,0.28,-1.3220363120161949,1.9299171316583184,-1.304253327134011,-0.6260103613115414,0.0
7,1,8,0.32,-1.5866859585905797,1.9676548800677869,-0.8163665499828316,-0.4213961887773392,0.0
7,1,9,0.36,-1.8033732700418703,0.9649687184625011,-0.46177276850308957,-0.2129613175619574,0.0
7,1,10,0.4,-1.9855077303337403,1.0821825810438446,-0.6163020225984976,-0.019130052285910214,0.0
7,1,11,0.44,-1.9921311892561095,1.1057569296020675,-0.8701207932716384,-0.07850148305738615,0.0
7,1,12,0.48,-1.815997461933744,0.9210536246346623,-0.8716567598912937,-0.005435637911797148,0.0
7,1,13,0.52,-1.5193453867544142,0.5540479595003245,-0.5163299816453362,0.11616847217306633,0.0
7,1,14,0.56,-1.1351563423944795,0.07577663713618807,-0.31434520921148523,0.2473796482941156,0.0
7,1,15,0.6,-0.7114113191054419,-0.3806607344557142,-0.10397743150769255,0.40958500781549545,0.0
7,1,16,0.64,-0.38146161640635906,-0.724358731503516,0.5871146322545718,0.7995384917012213,0.0
7,1,17,0.68,-0.2506252058638586,-0.9229831673705811,0.9565897393181833,1.1967051280162815,0.0
7,1,18,0.72,-0.10997086774489973,-0.9904135297752227,0.23785945320043272,1.5756931682950575,0.0
7,1,19,0.76,0.03234821849912474,-0.9622407893298355,-0.6611524773124168,1.9072238519944391,0.0
7,1,20,0.8,0.2004318137460406,-0.8882607545405851,-1.3089529949762297,2.1265459868126975,0.0
7,1,21,0.84,0.447088144806389,-0.8035794478390464,-1.6316941094697048,2.256884618245436,0.0
7,1,22,0.88,0.6648236968060164,-0.6511319664773664,-1.4869714114844086,1.974869798554112,0.0
7,1,23,0.92,0.7908772877618647,-0.4521571534982706,-1.0427765182586126,1.6779051471911322,0.0
7,1,24,0.96,0.813842639164921,-0.29140257544357023,-0.022714588139741525,1.2658972237636426,0.0
7,1,25,1.0,0.8272005994406355,-0.17318004526278,1.0943461002749708,0.940789167005984,0.0
7,1,26,1.04,0.8088279629824111,-0.017200893900678974,1.6635278395882396,0.5333554718524989,0.0
7,1,27,1.08,0.7753659926648259,0.1641500323988079,1.6391427922389843,0.47673360390283065,0.0
7,1,28,1.12,0.7509828515031749,0.39688905475924957,1.637231723987793,0.5080998403582568,0.0
7,1,29,1.16,0.744002280122803,0.6823307027672345,1.3573210214769358,0.4468939716340742,0.0
7,1,30,1.2,0.7665181317653046,0.9840277563574299,0.9171157413229557,0.44310224143654753,0.0
7,1,31,1.24,0.7672234732868076,1.1304072312941305,0.30534906938226597,0.5367873646205663,0.0
7,1,32,1.28,0.7698298612264892,1.2282506552451455,-0.0877964418610366,0.45856617643855657,0.0
7,1,33,1.32,0.7734507328154867,1.1482612837346868,-0.2205698013273199,0.06703897095299222,0.0
7,1,34,1.36,0.7692613239799336,0.8300960956014047,-0.15474118564231965,-0.08849177072067936,0.0
7,1,35,1.4,0.7566140352624134,0.35174066631927503,0.07048726984910782,-0.3686477212080237,0.0
7,1,36,1.44,0.7805299098745547,-0.19987435020090463,0.16598562161880187,-0.734087236584572,0.0
7,1,37,1.48,0.7853651414886188,-0.8587035321694984,-0.1249968880712321,-1.1409122445634914,0.0
7,1,38,1.52,0.7712956213152653,-1.3532511842759318,-0.2737722896168317,-1.2307763200484556,0.0
7,1,39,1.56,0.7792586961248377,-1.5379249492526268,-0.3933241768962869,-1.4819773985809919,0.0
7,1,40,1.6,0.7759300882141427,-1.5086003543083804,-0.7481404957354132,-1.5619339036391156,0.0
7,1,41,1.64,0.7390320209126804,-1.3651687242779325,-1.1122035859868222,-1.2918017465310951,0.0
7,1,42,1.68,0.7026500788303619,-1.1473434995882963,-1.0097446326875728,-1.1159421096912645,0.0
7,1,43,1.72,0.6708848368579658,-0.8960451575091006,-0.8291945669414696,-1.250730719034392,0.0
7,1,44,1.76,0.5884647028963613,-0.7359496904971137,-0.8695002122849055,-0.9939624563725519,0.0
7,1,45,1.8,0.4783106113762173,-0.5535558384145096,-0.5325820914790107,-0.9151933101262825,0.0
7,1,46,1.84,0.3106614141192428,-0.29851248195754443,0.14203876638957,-0.9824089176456798,0.0
7,1,47,1.88,0.34218325108296216,-0.08495537564783123,0.7463997620819413,-0.6970885496571565,0.0
7,1,48,1.92,0.42138759624373673,-0.1005301306107696,0.697152473870529,-0.18210813738325848,0.0
7,1,49,1.96,0.4641025102490191,-0.2529261221275316,0.22212353827254253,0.054545876105746426,0.0
7,1,50,2.0,0.5434916300149226,-0.5159208645560531,-0.48234944454744677,0.23296381397170665,0.0
7,1,51,2.04,0.6424064508422194,-0.852551008548877,-0.7944225309880416,0.09439638809243912,0.0
7,1,52,2.08,0.5679698234974836,-1.1436801304626274,-1.025979536024388,-0.29598394465480815,0.0
7,1,53,2.12,0.47129894811518264,-1.2287126348314943,-0.878721747501795,-0.24440817714658386,0.0
7,1,54,2.16,0.47996025773067785,-1.0933173182458933,0.09209289440566137,-0.22303920871195662,0.0
7,1,55,2.2,0.49856475078475987,-0.9045379048381794,1.1843383730496313,0.1617830143707456,0.0
7,1,56,2.24,0.5706801471525446,-0.6531228387679149,1.8367662912688554,0.6594643556541774,0.0
7,1,57,2.28,0.6820823555967677,-0.40347750533552384,2.239046158144961,1.2513951820260278,0.2
7,1,58,2.32,0.7112598647578896,-0.19901358769383165,2.5060577235101587,1.3574194831742739,0.2
8,1,0,0.0,-1.7391813603750645,-0.9384976494481913,0.615160213196708,-0.7280216499025167,0.0
8,1,1,0.04,-1.3029148204077676,-0.9384976494481913,0.9879095394136577,-0.7089098201362252,-0.1
8,1,2,0.08,-0.988838668657129,-0.9384976494481913,1.3096156094164844,-0.7272934434335789,-0.1
8,1,3,0.12,-0.749651908473688,-0.9384976494481913,1.207389895187212,-0.661563548340767,-0.1
8,1,4,0.16,-0.5719456551767569,1.1782885066407138,1.12585599328897,-0.5431605167926725,-0.1
8,1,5,0.2,-0.1986469294197472,1.388641897640924,1.1532220939315894,-0.3185275725980489,-0.1
8,1,6,0.24,-0.014485916462736118,1.5005092322420108,1.0361804408772692,0.007763410897187941,0.0
8,1,7,0.28,0.061266575727586224,1.5074977519686785,1.0124222951669863,0.4723100221244198,0.0
8,1,8,0.32,0.07969300340574717,1.4139748429948913,1.3216761313325436,0.9408252857659035,0.0
8,1,9,0.36,0.0769834839495763,-0.8284140893595929,1.468091505969601,1.2582773952919,0.0
8,1,10,0.4,0.10201494327130765,-1.1563122280278788,1.2991024664019042,1.3665007809515881,0.0
8,1,11,0.44,0.14783942135478284,-1.3973369307196735,1.1570364179675454,1.2814013950410788,0.0
8,1,12,0.48,0.18695329209345748,-1.6120987390267019,0.9738663166001814,1.0266831385684956,0.0
8,1,13,0.52,0.21304436155518572,-1.816417044255769,0.8947662073098148,0.6528509907519826,0.0
8,1,14,0.56,0.22260011845406666,-2.051938176311877,0.9946620922343556,0.205969265742803,0.0
8,1,15,0.6,0.19802024570836738,-2.144600241320724,1.1414613912792784,-0.21352348804879515,0.0
8,1,16,0.64,0.1920525213999021,-2.073097553606282,0.798885564265509,-0.9452844536782248,0.0
8,1,17,0.68,0.1826678433745348,-1.823092701594426,0.1655886253425499,-1.5115972425545297,0.0
8,1,18,0.72,0.17546249442255601,-1.4446196425588096,-0.5880982079970383,-1.9489299518072982,0.0
8,1,19,0.76,0.17640419885243105,-0.911871953467664,-1.385229631405211,-2.242916788944,0.0
8,1,20,0.8,0.1740738271699914,-0.5022783998123784,-2.120599843983731,-2.440303614427552,0.0
8,1,21,0.84,0.1290199746428776,-0.3203377186051464,-2.3255430539099575,-2.2773046588830717,0.0
8,1,22,0.88,0.062086521319557594,-0.3653615586040121,-2.078161790014875,-2.2221256305642454,0.0
8,1,23,0.92,-0.06246660485290179,-0.4153318096450755,-1.5597115935101933,-1.9902481662492635,0.0
8,1,24,0.96,-0.2623946166930736,-0.4575369187935466,-0.9248672756857551,-1.5142959561652778,0.0
8,1,25,1.0,-0.6054593899973592,-0.4607662309141432,0.006555921585327757,-0.8476827262844946,0.0
8,1,26,1.04,-1.1160974611579775,-0.37443213838134953,0.48749872819499346,-0.198412090384611,0.0
8,1,27,1.08,-1.6105793675294797,-0.1410732390499746,0.4626386493465157,0.5588433025561316,0.0
8,1,28,1.12,-1.9452304510094132,0.09456855692972312,0.3203241792364797,0.9746070315208841,0.0
8,1,29,1.16,-2.1664207925751415,0.28921782171344657,-0.05782422998195807,1.0164317230313857,0.0
8,1,30,1.2,-2.100192461635892,0.44384499558152224,-0.5726777634486522,0.8886293024890531,0.0
8,1,31,1.24,-1.604640156366601,0.5685410377993637,-0.6122406674908539,0.8273794172567642,0.0
8,1,32,1.28,-1.0842251587724248,0.6578677036138538,-0.4790640655388234,0.6886818708005217,0.0
8,1,33,1.32,-0.6674608397599664,0.6682542490008132,-0.6062240346811766,0.6580759710228762,0.0
8,1,34,1.36,-0.3635577159788514,0.6106271026742258,-0.6735011412124801,0.7615054313526435,0.0
8,1,35,1.4,-0.06747412971814369,0.5608212461062413,-1.1421155354470471,0.8230008131127285,0.0
8,1,36,1.44,-0.14871501712086596,0.5649761881910214,-1.5341872397734606,0.8489031942166713,0.0
8,1,37,1.48,-0.10549910654568118,0.6189585821768668,-1.4812235827686744,0.7711378609852335,0.0
8,1,38,1.52,-0.09166175405565216,0.7229900501695213,-1.425101310351508,0.6396004218045934,0.0
8,1,39,1.56,-0.005565925647853299,0.8298847893870498,-1.363889119212615,0.4540447557915943,0.0
8,1,40,1.6,-0.01913510044426281,0.8952476539649067,-0.7509915714946146,0.2883338503027199,0.0
8,1,41,1.64,0.08767283104186913,0.9083268674454005,-0.3278157601203969,0.1694552160586723,0.0
8,1,42,1.68,0.22935465145557404,0.8509912581154063,-0.46704092368681555,0.14305085324479033,0.0
8,1,43,1.72,0.5299633509832443,0.7078039420053147,-0.27686906907174136,0.1503852805370783,0.0
8,1,44,1.76,0.9815329732487638,0.5652944494123022,-0.005510051590071953,0.2147464534024142,0.0
8,1,45,1.8,1.4320676453920913,0.5082382297040432,0.10545967730982674,0.2766643988705676,0.0
8,1,46,1.84,1.895673668222422,0.49549725312793025,0.3412305375601403,0.31452905407079385,0.0
8,1,47,1.88,2.1652477353442987,0.48500893973382675,0.45822546553439564,0.31045763276418376,0.0
8,1,48,1.92,2.1994265200200394,0.5451187395397359,0.250381406887479,0.3003118581540911,0.0
8,1,49,1.96,1.9471175478628784,0.6193095063394327,0.1246769239891446,0.2568604711870275,0.1
8,1,50,2.0,1.5691465193576513,0.6023096601380875,0.2012881440147272,0.2255204543763637,0.1
8,1,51,2.04,1.2127476120516465,0.5812204676761958,0.3551639564354636,0.24145849853801024,0.1
8,1,52,2.08,0.9018156125709622,0.6671223836057065,0.559769188282555,0.3072099859203771,0.1
8,1,53,2.12,0.7082961228574958,0.7278036499132712,0.5078584030818962,0.4085578454778338,0.1
8,1,54,2.16,0.6560292151228396,0.6643622300962941,0.26259884719742266,0.5667361532829591,0.1
8,1,55,2.2,0.6961664766003679,0.607788126199068,-0.3480753654608278,0.7424005319308549,0.2
9,1,0,0.0,-2.123797441298762,0.4240006051768987,-0.03425526848742557,-1.074563822954685,0.05
9,1,1,0.04,-1.7295578227087398,0.4240006051768987,0.26409087739909665,-1.1080399197721007,0.2
9,1,2,0.08,-1.4094843400164248,0.4240006051768987,0.49530565691077355,-1.1512844869533412,0.2
9,1,3,0.12,-1.437072072889314,0.4240006051768987,0.4749199200986124,-1.1798573712096962,0.2
9,1,4,0.16,-1.3163863929262416,2.1279874655034408,0.47695931281304715,-1.169252052646519,0.2
9,1,5,0.2,-1.0730688403474273,2.106102776539935,0.823746827402298,-1.1579866466154847,0.2
9,1,6,0.24,-1.0019218228403304,2.091672454265554,0.9426495175374058,-1.1476191417235757,0.2
9,1,7,0.28,-1.0920237334847855,2.0980367187678666,0.2027674138560232,-1.0839891823035106,0.2
9,1,8,0.32,-1.0229525522207703,2.009626113967844,-0.21711607120448334,-0.8698592802119361,0.2
9,1,9,0.36,-1.0017733289949151,0.19310613664855988,-0.19939457499502025,-0.5866144139156357,0.2
9,1,10,0.4,-0.8335036426083169,0.11856479779184549,-1.019598947325409,-0.24133368804771843,0.2
9,1,11,0.44,-0.5896159659909121,-0.07957131431101049,-1.6753142191558588,0.10741631961282207,0.2
9,1,12,0.48,-0.29608133412612425,-0.3585507548481782,-0.9917922377125403,0.4958639680707225,0.2
9,1,13,0.52,-0.08932712103723855,-0.4466895616123012,-1.0612243854033145,0.7954792638310886,0.2
9,1,14,0.56,0.04619774894114231,-0.3727174272076471,-1.5573841575598841,1.210957640494679,0.2
9,1,15,0.6,0.12080090299528672,-0.21431155305502886,-0.3624247326862596,1.604589692051533,0.05
9,1,16,0.64,0.22097038859925414,0.016522386574523058,0.8801069496403615,1.9121169282841974,0.0
9,1,17,0.68,0.3834257330699945,0.16353194950448147,0.8695780542419388,1.8816741757498296,0.0
9,1,18,0.72,0.6170650261596493,0.05761103269562417,1.271392602819555,1.7507471766052687,0.0
9,1,19,0.76,0.8558469765690878,-0.2450381173106371,1.5553059367893642,1.442826945960986,0.0
9,1,20,0.8,1.0245536811121232,-0.6076091310905236,0.16093723874704505,0.9033835572460588,0.0
9,1,21,0.84,1.0860224391300677,-0.9113640975169411,-1.471813013479616,0.15147073289394156,0.0
9,1,22,0.88,1.0591781372319298,-1.1011414015007108,-1.5126478398552399,-0.2552186230542034,0.0
9,1,23,0.92,1.0446996026054147,-1.1267788821890385,-1.080470432173329,-0.6832962443975296,0.0
9,1,24,0.96,1.0051902375503508,-1.0377746285739826,-0.4330161208484781,-0.6385495363250842,0.0
9,1,25,1.0,0.9608805973579242,-1.0003846473739786,0.6615034521671234,-0.8841918644819856,0.1
9,1,26,1.04,0.9249389315834984,-1.005835740316699,0.5598293066118024,-0.6796603954370682,0.15
9,1,27,1.08,0.9123254181034706,-0.8846464087887157,-0.6228180705416562,-0.3369094084306885,0.2
9,1,28,1.12,0.8834337476942737,-0.69730830302435,-0.7359324720950589,0.3233992814465931,0.2
9,1,29,1.16,0.8491662923219832,-0.7102370430018878,-0.7501456129204535,0.24752793649644295,0.2
9,1,30,1.2,0.805426776168147,-0.8173097549136309,-0.5632480188413738,0.5874733077695539,0.1
9,1,31,1.24,0.7398086538585256,-0.6931870998290262,0.7957486554785764,0.6598519474191034,0.1
9,1,32,1.28,0.7364633106469161,-0.3834810950362489,1.9578651461146575,0.3767814561266327,0.1
9,1,33,1.32,0.7401718097913421,0.01517270853329246,1.8958893066577378,-0.2033342515787055,0.1
10,1,0,0.0,-2.3428683932033203,-0.0640556262302691,-0.49898683448657644,-0.21733216373070977,0.0
10,1,1,0.04,-1.6844601151993017,-0.0640556262302691,-1.0967799784115166,-0.22160565911886992,0.2
10,1,2,0.08,-1.236425445235342,-0.0640556262302691,-1.2242012987428703,-0.2181651783478925,0.2
10,1,3,0.12,-0.925017925611011,-0.0640556262302691,-1.2190297441205944,-0.21357314118823117,0.2
10,1,4,0.16,-0.7200643138911151,1.1673243856552187,-0.9522966060803127,-0.21160456288201496,0.2
10,1,5,0.2,-0.23727894655838938,1.1545635057925197,-0.7107076204986666,-0.2098390672572074,0.2999999999999999
10,1,6,0.24,-0.05810714944059652,1.1520199203895614,-0.29118511978185835,-0.21175405771751765,0.2999999999999999
10,1,7,0.28,-0.04312157056481764,1.1614169982323417,0.08583991315882787,-0.21325584602716421,0.2999999999999999
10,1,8,0.32,-0.08360209532016406,1.1722045602898354,0.5215433362004199,-0.2231978922960787,0.2999999999999999
10,1,9,0.36,-0.15325507364240748,-0.07181752570881944,0.9994171045633207,-0.22681583462348617,0.2
10,1,10,0.4,-0.21868330184440693,-0.0924933816888888,1.4009466450876729,-0.22803000038095592,0.2
10,1,11,0.44,-0.22770798471244186,-0.11580786767154186,1.8217697400338968,-0.23012661870098985,0.0
10,1,12,0.48,-0.20602157639851093,-0.1342481193070547,2.2367688845590568,-0.24562885915948776,0.0
10,1,13,0.52,-0.18541905494553199,-0.14583487850274554,2.422995763902345,-0.2549345928155369,0.0
10,1,14,0.56,-0.12120381657281482,-0.12877391592477855,2.242754150048349,-0.26907292663952925,0.0
10,1,15,0.6,-0.10277388611667741,-0.09454369475869448,1.8339326239166223,-0.3063739056380202,0.0
10,1,16,0.64,-0.08320611532029087,-0.09722116510247142,1.423011279280737,-0.37322845863290244,0.0
10,1,17,0.68,-0.06292249746818408,-0.17090837499625594,1.0558163918184158,-0.47005716902083244,0.0
10,1,18,0.72,-0.0590474815084055,-0.3091550861308488,0.8119809747971837,-0.5428223777650251,0.0
10,1,19,0.76,-0.0793484415502947,-0.48299988385930887,0.8022039203539315,-0.6516107242014764,0.0
10,1,20,0.8,-0.07437412344976752,-0.6573930158163777,1.067974783382786,-0.7286440154201013,0.0
10,1,21,0.84,-0.12280700567203984,-0.8015466574286568,1.296502013017981,-0.6086605823950384,0.0
10,1,22,0.88,-0.22252459687962256,-0.8733320614395503,1.4279600444075877,-0.6995659412905507,0.0
10,1,23,0.92,-0.3652777954694287,-0.8673782940798369,1.5213722232498885,-0.7222206583241476,0.0
10,1,24,0.96,-0.6159851619550687,-0.8096647456832075,1.360138969667604,-0.937968573689933,0.0
10,1,25,1.0,-0.8776990382180505,-0.7544168735345547,1.0804439616988573,-1.0526358857262332,0.0
10,1,26,1.04,-1.1552877623102837,-0.733449486522942,1.0661779921713506,-1.3518063972584184,0.0
10,1,27,1.08,-1.2758246523430359,-0.7615500164309673,1.128163273105515,-1.388425398335503,0.0
10,1,28,1.12,-1.4430630959854978,-0.8427580872153095,0.9196156974228851,-1.5678430669674328,0.0
10,1,29,1.16,-1.4476607031859021,-0.9931915265807293,0.7358439381264361,-1.426467602056567,0.0
10,1,30,1.2,-1.4532111673689692,-1.1713357216066713,0.7339112883174549,-1.4401632579542323,0.0
10,1,31,1.24,-1.3196608908198788,-1.3224589197371615,0.5246836028619387,-1.4236462930049831,0.0
10,1,32,1.28,-1.2867935873758698,-1.423422558887892,0.3205749822382133,-1.4656425809959561,0.0
10,1,33,1.32,-1.4770682397697648,-1.4890371465735814,0.3888334454290147,-1.3146034904150152,0.0
10,1,34,1.36,-1.4940597319295383,-1.4886444021823402,0.46079031180432023,-1.478057197047459,0.0
10,1,35,1.4,-1.5273365037432491,-1.4353851555027748,0.27470228593748164,-1.321353000167227,0.0
10,1,36,1.44,-1.6512888417067253,-1.3813728631492532,0.09472163494069628,-1.3151313479200966,0.0
10,1,37,1.48,-1.7720010805472066,-1.355504053551665,-0.30796855728974726,-1.1165175680851513,0.0
10,1,38,1.52,-1.5488254037847309,-1.333686748485709,-0.9328290764203009,-1.1651136741596066,0.0
10,1,39,1.56,-1.4932301971852933,-1.3371337145302997,-1.215632088036921,-0.8585967069076381,0.0
10,1,40,1.6,-1.1811025752457074,-1.3594840461609825,-1.0719940202763207,-0.7713573176467913,0.0
10,1,41,1.64,-0.8861562460984367,-1.3600003942262557,-0.9172490357083122,-0.5000876699249566,0.0
10,1,42,1.68,-0.5903524420122886,-1.3247948235510345,-0.5466451592682838,-0.29937053023197097,0.0
10,1,43,1.72,-0.3757226109890522,-1.2680436017256127,0.10571515474233753,0.05591447691777277,0.0
10,1,44,1.76,-0.4010277562360779,-1.2142956521648,0.27576900735068016,0.316218004301685,0.0
10,1,45,1.8,-0.7028897652837142,-1.175997704912821,-0.0026863930136022027,0.5305895633313907,0.0
10,1,46,1.84,-0.9253823524600395,-1.1433428022910106,-0.17683832900924978,0.7153515985200813,0.0
10,1,47,1.88,-1.0920754805795638,-1.1194856938946303,-0.3593296414434552,0.8009069319035719,0.0
10,1,48,1.92,-1.1881858963139038,-1.1003629946170947,-0.5892157293158308,0.8096292518763688,0.0
10,1,49,1.96,-0.9738412479669766,-1.0320912706486063,-0.6505974060200153,0.7400968320436916,0.0
10,1,50,2.0,-0.5624382606590709,-0.913314308663739,-0.4204921474642229,0.6054312149899043,0.0
10,1,51,2.04,-0.21447685736892033,-0.8112414350630525,-0.2583199993455902,0.42047657848911435,0.0
10,1,52,2.08,-0.07318040272023547,-0.708277289868282,-0.01665586952962979,0.15361136945934778,0.0
10,1,53,2.12,-0.030850044388873312,-0.5876060615961671,0.46104011193107103,0.10938515784571565,0.0
10,1,54,2.16,0.04487559071967095,-0.5165759879851819,0.7842635066731515,0.006765318685248258,0.0
10,1,55,2.2,0.041823365319222976,-0.5076854338860787,0.8047620914612342,0.09321653849900917,0.0
10,1,56,2.24,0.028378350968480785,-0.4762535450666606,0.8937506980317278,0.004294077526938589,0.0
10,1,57,2.28,0.05620293100785266,-0.42659319870753,0.8891276940510976,0.11669401841924361,0.0
10,1,58,2.32,0.08926485235934993,-0.40498403217584955,0.6709219061653542,0.022057882549250868,0.0
10,1,59,2.36,-0.16046460731396453,-0.3887914939324417,0.5845806364149817,-0.11321152042672805,0.0
10,1,60,2.4,-0.5956341022538271,-0.35548772914011084,0.6289331594103043,-0.4188167561736953,0.0
10,1,61,2.44,-0.9349398259361673,-0.32760584750574323,0.603822188848614,-0.4944546474415798,0.0
10,1,62,2.48,-0.9558487260751736,-0.3156373106033837,0.6279183038544858,-0.6309068212754069,0.0
10,1,63,2.52,-0.7843132731884042,-0.2936541344332735,0.6689900731415283,-0.7340644088105858,0.0
10,1,64,2.56,-0.34061720160904374,-0.25011114181205757,0.763626612932056,-0.6590878771836347,0.0
10,1,65,2.6,0.25186233332696056,-0.20506845507559726,0.8793439691957416,-0.48998067741226176,0.0
10,1,66,2.64,0.7031147823733738,-0.180110565715285,0.8641057530713664,-0.28152725379447213,0.0
10,1,67,2.68,0.9015489350565187,-0.1666628972312536,0.5035997915098768,-0.08411021997645415,0.0
10,1,68,2.72,1.030023730731384,-0.15929031505501545,-0.13832010238029502,0.1162753541465456,0.0
10,1,69,2.76,1.0475576480491344,-0.1595400356016276,-0.7604562346243839,0.2804705315430953,0.0
10,1,70,2.8,1.131753015952892,-0.14003578709001877,-1.2504304028056075,0.3975086997922063,0.0
10,1,71,2.84,1.2506684112416615,-0.08986411906271034,-1.2768870269111299,0.4553992708204952,0.0
10,1,72,2.88,1.4289441952210675,-0.02495733947711666,-0.9839494812148285,0.4738058839521464,0.0
10,1,73,2.92,1.5441579964478018,0.03390976705294824,-0.49005896434341806,0.4713467972455711,0.0
10,1,74,2.96,1.559142611868597,0.07946971574506273,0.001346347561255969,0.473393173884549,0.0
10,1,75,3.0,1.5244688303229923,0.11067952920189429,0.2021238460587735,0.46569379618970785,0.0
10,1,76,3.04,1.537366602240829,0.11739662350234997,0.10381476794700192,0.4456188246305112,0.0
10,1,77,3.08,1.5259486971838085,0.0988181459467086,0.19024533954105183,0.43247705743212783,0.0
10,1,78,3.12,1.5321205898338215,0.08062167457033138,0.21583358489532425,0.4066607559066902,0.0
10,1,79,3.16,1.5753238383838757,0.08051086536163339,0.3007072278519635,0.3727830511746296,0.0
10,1,80,3.2,1.668587244630106,0.0892115587340808,0.2117605495861236,0.3293729101179351,0.0
10,1,81,3.24,1.713153781987491,0.11654350683167299,-0.007979977606970537,0.2933810197003784,0.0
10,1,82,3.28,1.71684766840961,0.1632944831628446,-0.3363168558156123,0.26913215036561455,-0.2
10,1,83,3.32,1.7008177043273724,0.20201190609970923,-0.5898234174715884,0.2604313344228093,-0.2
10,1,84,3.36,1.6934501640378596,0.21437912768078632,-0.8473330431751037,0.2535453700363484,0.0
10,1,85,3.4,1.6019161594942148,0.21551874898591122,-0.9445794837994547,0.2592209084966424,0.0
10,1,86,3.44,1.5249120196172483,0.21875209315394012,-1.024467197904664,0.26983130198603006,0.0
10,1,87,3.48,1.453687646210375,0.234736492863072,-1.2704246227601144,0.263790687098944,0.0
10,1,88,3.52,1.3980095824820058,0.28111323108321823,-1.7352275144089941,0.23266505533105672,0.0
10,1,89,3.56,1.369997128720069,0.3424777715520001,-2.091913371797797,0.20302625254760454,0.0
10,1,90,3.6,1.3426061034250778,0.40432621697752924,-1.8869893273270755,0.17482556252503637,0.0
10,1,91,3.64,1.301999366066371,0.47213094296131947,-1.364165829889258,0.15578558927891678,0.0
10,1,92,3.68,1.2689827270992884,0.5303110323974568,-0.7509695473039432,0.14118942137015902,0.0
10,1,93,3.72,1.1912839361763286,0.5842732892526176,0.021456687138716065,0.272750486359475,0.0
10,1,94,3.76,1.0220376523398862,0.6517864842048642,0.4748663787831522,0.38300410854206296,0.0
10,1,95,3.8,0.869819471952759,0.7555731307425478,0.3725802376179619,0.36088733671640394,0.0
10,1,96,3.84,0.7881107813717597,0.8896835740126696,0.011983068380764872,0.29341157805878765,0.0
10,1,97,3.88,0.7725211162188175,1.0799772562364123,-0.30859625668181706,0.1389066480261928,0.0
10,1,98,3.92,0.807990711584104,1.299227098237405,-0.48376345662586134,-0.2967238122522648,0.0
10,1,99,3.96,0.8698069470379141,1.49091514870998,-0.3317184915205086,-0.7323782369760449,0.0
10,1,100,4.0,0.4926499672611626,1.5085068531267212,0.15073417442462028,-0.9886080546966622,0.0
10,1,101,4.04,0.22155685669474304,1.3392618941585017,0.5573789681167038,-1.0546495388413106,0.0
10,1,102,4.08,0.020698651263019233,1.0729265919468862,0.4635040804837626,-1.1340657915161745,0.0
10,1,103,4.12,-0.07185950593235892,0.8961993839567068,0.09653217536891716,-0.9322468286297255,0.0
10,1,104,4.16,-0.13272866513344564,0.8721933114282211,-0.27502189446877967,-0.8455348047908943,0.0
10,1,105,4.2,0.21889483056424675,1.012484395345143,-0.6830154727144582,-0.3798239463854028,0.0
10,1,106,4.24,0.3627405871098871,1.1284874715510365,-0.9725520611537485,-0.017420760850272225,0.0
10,1,107,4.28,0.39211536622417076,1.1531940410565698,-0.7984442315565026,0.6415327907229105,0.0
10,1,108,4.32,0.3136997647904977,1.084653861788658,-0.3819231440247627,1.281127203973255,0.0
10,1,109,4.36,0.0758853529477568,0.8525298175177205,-0.14611903930757128,2.1795174513010718,0.0
10,1,110,4.4,-0.0328309078431962,0.5798861584785581,-0.11774964049852078,2.6923663244476472,0.0
10,1,111,4.44,-0.10960381852315979,0.6858506057941989,-0.22434405109772124,3.1989006892725063,0.0
10,1,112,4.48,-0.3600394907023194,1.3045272055020976,-0.3366950273426495,3.402187486737036,0.0
10,1,113,4.52,-0.5834357986569301,2.0731535680912643,-0.7577679224156237,3.4141946088014428,0.0
10,1,114,4.56,-0.541779858816827,2.719582505472022,-1.425635719390246,3.044146568375203,0.0
10,1,115,4.6,-0.48675020029505217,3.2309546660931177,-2.0925365788715102,2.683220370163184,0.0
10,1,116,4.64,-0.34642779863873924,3.3647955117008403,-2.826744891360753,1.9861002654781161,0.0
10,1,117,4.68,0.11014388539373789,2.915569267824294,-3.073968333207366,1.6099962571731254,0.0
